{
    "bot_type": "replicator_5",
    "chamber_temperature": 0,
    "duration_s": 64528.5,
    "extruder_temperature": 215,
    "extrusion_distance_a_mm": 59110.70721334853,
    "extrusion_distance_b_mm": 0.0,
    "extrusion_distance_mm": 59110.70721334853,
    "extrusion_mass_a_grams": 180.3533670385268,
    "extrusion_mass_b_grams": 0.0,
    "extrusion_mass_g": 180.3533670385268,
    "grue_version": "3.9.4",
    "machine_config": {
        "acceleration": {
            "buffer_size": 128,
            "impulse_speed_limit_mm_per_s": {
                "x": 40,
                "y": 40,
                "z": 0
            },
            "max_speed_change_mm_per_s": {
                "x": 25,
                "y": 25,
                "z": 0
            },
            "min_speed_change_mm_per_s": {
                "x": 3,
                "y": 3,
                "z": 0
            },
            "rate_mm_per_s_sq": {
                "x": 800,
                "y": 800,
                "z": 150
            },
            "split_move_distance_mm": 2.5,
            "split_move_recursion_count": 36
        },
        "bot_type": "replicator_5",
        "build_volume": {
            "x": 252,
            "y": 199,
            "z": 148
        },
        "extra_slicer_settings": {
            "plate_variability": 0.0
        },
        "extruder_profiles": {
            "attached_extruders": [
                {
                    "calibrated": "true",
                    "id": 8
                },
                {
                    "calibrated": "true",
                    "id": 7
                }
            ],
            "mk12": {
                "materials": {
                    "pla": {
                        "acceleration": {
                            "impulse_speed_limit_mm_per_s": {
                                "a": 3
                            },
                            "max_speed_change_mm_per_s": {
                                "a": 0.5
                            },
                            "min_speed_change_mm_per_s": {
                                "a": 0.01
                            },
                            "rate_mm_per_s_sq": {
                                "a": 10
                            },
                            "slip_compensation_table": [
                                [
                                    0,
                                    0
                                ],
                                [
                                    1.6255,
                                    1.6255
                                ],
                                [
                                    1.7881,
                                    1.9222
                                ],
                                [
                                    1.9506,
                                    2.1457
                                ],
                                [
                                    2.2,
                                    2.3
                                ],
                                [
                                    2.4383,
                                    2.7
                                ],
                                [
                                    2.9259,
                                    3.4
                                ],
                                [
                                    3.5761,
                                    4.2
                                ],
                                [
                                    3.9,
                                    4.524
                                ],
                                [
                                    4.2263,
                                    5.15
                                ],
                                [
                                    4.8765,
                                    6
                                ],
                                [
                                    100,
                                    100
                                ]
                            ]
                        },
                        "feed_diameter": 1.77,
                        "max_flow_rate": 5.0,
                        "ooze_feedstock_distance": 0.1,
                        "restart_rate": 30,
                        "retract_distance": 1.0,
                        "retract_rate": 50,
                        "temperature": 215
                    }
                },
                "max_speed_mm_per_second": {
                    "a": 5.3
                },
                "nozzle_diameter": 0.4,
                "steps_per_mm": {
                    "a": 108.55
                }
            },
            "mk13": {
                "materials": {
                    "pla": {
                        "acceleration": {
                            "impulse_speed_limit_mm_per_s": {
                                "a": 3
                            },
                            "max_speed_change_mm_per_s": {
                                "a": 0.5
                            },
                            "min_speed_change_mm_per_s": {
                                "a": 0.01
                            },
                            "rate_mm_per_s_sq": {
                                "a": 10
                            },
                            "slip_compensation_table": [
                                [
                                    0,
                                    0
                                ],
                                [
                                    1.6255,
                                    1.6255
                                ],
                                [
                                    1.7881,
                                    1.9222
                                ],
                                [
                                    1.9506,
                                    2.1457
                                ],
                                [
                                    2.2,
                                    2.3
                                ],
                                [
                                    2.4383,
                                    2.7
                                ],
                                [
                                    2.9259,
                                    3.4
                                ],
                                [
                                    3.5761,
                                    4.2
                                ],
                                [
                                    3.9,
                                    4.524
                                ],
                                [
                                    4.2263,
                                    5.15
                                ],
                                [
                                    4.8765,
                                    6
                                ],
                                [
                                    100,
                                    100
                                ]
                            ]
                        },
                        "feed_diameter": 1.77,
                        "max_flow_rate": 5.0,
                        "ooze_feedstock_distance": 0.1,
                        "restart_rate": 30,
                        "retract_distance": 0.5,
                        "retract_rate": 50,
                        "temperature": 215
                    }
                },
                "max_speed_mm_per_second": {
                    "a": 5.3
                },
                "nozzle_diameter": 0.4,
                "steps_per_mm": {
                    "a": 108.55
                }
            },
            "supported_extruders": {
                "0": null,
                "1": "mk12",
                "10": "mk12",
                "11": "mk12",
                "12": "mk12",
                "13": "mk12",
                "2": "mk12",
                "3": "mk12",
                "4": "mk12",
                "5": "mk12",
                "6": "mk12",
                "7": "mk12",
                "8": "mk13",
                "9": "mk12"
            }
        },
        "gantry_configuration": {
            "max_fill_speed": 90,
            "max_inner_shell_speed": 90,
            "max_outer_shell_speed": 20,
            "travel_speed_xy": 150,
            "travel_speed_z": 23
        },
        "makerbot_generation": 5,
        "max_speed_mm_per_second": {
            "x": 200,
            "y": 200,
            "z": 18
        },
        "start_position": {
            "x": -125,
            "y": -99,
            "z": 0.2
        },
        "steps_per_mm": {
            "x": 88.573186,
            "y": 88.573186,
            "z": 400
        },
        "version": "1.1.0"
    },
    "material": "PLA",
    "max_extrusion_flow_a_gps": 0.01337610262421146,
    "max_extrusion_flow_b_gps": 0.0,
    "miracle_config": {
        "_attached_extruders": [
            "mk13",
            "mk12"
        ],
        "_bot": "replicator_5",
        "_extruders": [
            0
        ],
        "_materials": [
            "pla",
            "pla"
        ],
        "adjacentFillLeakyConnections": true,
        "adjacentFillLeakyDistanceRatio": 1.4,
        "anchorExtrusionAmount": 5.0,
        "anchorExtrusionSpeed": 2.0,
        "anchorWidth": 2.0,
        "backlashEpsilon": 0.05,
        "backlashFeedback": 0.9,
        "backlashX": 0.0,
        "backlashY": 0.09,
        "bedZOffset": 0.0,
        "bridgeAnchorMinimumLength": 0.8,
        "bridgeAnchorWidth": 0.8,
        "bridgeMaximumLength": 80.0,
        "bridgeSpacingMultiplier": 1.0,
        "coarseness": 0.0001,
        "commentClose": "",
        "commentOpen": ";",
        "computeVolumeLike2_1_0": false,
        "defaultExtruder": 0,
        "defaultRaftMaterial": 0,
        "defaultSupportMaterial": 0,
        "description": "",
        "doAnchor": true,
        "doBacklashCompensation": false,
        "doBreakawaySupport": false,
        "doBridging": true,
        "doDynamicSpeed": false,
        "doDynamicSpeedGradually": true,
        "doDynamicSpeedInteriorShells": false,
        "doDynamicSpeedOutermostShell": true,
        "doExponentialDeceleration": true,
        "doExternalSpurs": true,
        "doFanCommand": true,
        "doFanModulation": true,
        "doFixedLayerStart": false,
        "doFixedShellStart": true,
        "doInfills": true,
        "doInsets": true,
        "doInternalSpurs": false,
        "doMixedRaft": false,
        "doMixedSupport": false,
        "doOutlines": true,
        "doPrintLayerMessages": false,
        "doPrintProgress": true,
        "doPurgeWall": false,
        "doRaft": true,
        "doSplitLongMoves": true,
        "doSupport": false,
        "doSupportUnderBridges": false,
        "exponentialDecelerationMinSpeed": 0.0,
        "exponentialDecelerationRatio": 0.375,
        "exponentialDecelerationSegmentCount": 10,
        "extruderProfiles": [
            {
                "bridgesExtrusionProfile": "bridges",
                "feedDiameter": 1.77,
                "feedstockMultiplier": 1.0,
                "firstLayerExtrusionProfile": "firstLayer",
                "firstLayerRaftExtrusionProfile": "firstLayerRaft",
                "floorSurfaceFillsExtrusionProfile": "floorSurfaceFills",
                "infillsExtrusionProfile": "infill",
                "insetsExtrusionProfile": "insets",
                "layerHeight": 0.2,
                "maxSparseFillThickness": 0.3,
                "nozzleDiameter": 0.4,
                "oozeFeedstockDistance": 0.1,
                "outlinesExtrusionProfile": "outlines",
                "preOozeFeedstockDistance": 0.1,
                "raftBaseExtrusionProfile": "raftBase",
                "raftExtrusionProfile": "raft",
                "restartExtraDistance": 0.1,
                "restartExtraDistance2": 0,
                "restartExtraRate": 30.0,
                "restartExtraRate2": -1,
                "restartRate": 30,
                "restartRate2": 30,
                "retractDistance": 0.5,
                "retractDistance2": 0,
                "retractRate": 50,
                "retractRate2": 50,
                "roofSurfaceFillsExtrusionProfile": "roofSurfaceFills",
                "sparseRoofSurfaceFillsExtrusionProfile": "sparseRoofSurfaceFills",
                "toolchangeRestartDistance": 18.5,
                "toolchangeRestartRate": 6.0,
                "toolchangeRetractDistance": 19.0,
                "toolchangeRetractRate": 6.0
            },
            {
                "bridgesExtrusionProfile": "bridges",
                "feedDiameter": 1.77,
                "feedstockMultiplier": 1.0,
                "firstLayerExtrusionProfile": "firstLayer",
                "firstLayerRaftExtrusionProfile": "firstLayerRaft",
                "floorSurfaceFillsExtrusionProfile": "floorSurfaceFills",
                "infillsExtrusionProfile": "infill",
                "insetsExtrusionProfile": "insets",
                "layerHeight": 0.2,
                "maxSparseFillThickness": 0.3,
                "nozzleDiameter": 0.4,
                "oozeFeedstockDistance": 0.1,
                "outlinesExtrusionProfile": "outlines",
                "preOozeFeedstockDistance": 0.1,
                "raftBaseExtrusionProfile": "raftBase",
                "raftExtrusionProfile": "raft",
                "restartExtraDistance": 0.1,
                "restartExtraDistance2": 0,
                "restartExtraRate": 30.0,
                "restartExtraRate2": -1,
                "restartRate": 30,
                "restartRate2": 30,
                "retractDistance": 1.0,
                "retractDistance2": 0,
                "retractRate": 50,
                "retractRate2": 50,
                "roofSurfaceFillsExtrusionProfile": "roofSurfaceFills",
                "sparseRoofSurfaceFillsExtrusionProfile": "sparseRoofSurfaceFills",
                "toolchangeRestartDistance": 18.5,
                "toolchangeRestartRate": 6.0,
                "toolchangeRetractDistance": 19.0,
                "toolchangeRetractRate": 6.0
            }
        ],
        "extruderTemp0": 215,
        "extrusionProfiles": {
            "bridges": {
                "fanSpeed": 0.5,
                "feedrate": 40.0
            },
            "firstLayer": {
                "fanSpeed": 0.5,
                "feedrate": 30
            },
            "firstLayerRaft": {
                "fanSpeed": 0.5,
                "feedrate": 30
            },
            "floorSurfaceFills": {
                "fanSpeed": 0.5,
                "feedrate": 90
            },
            "infill": {
                "fanSpeed": 0.5,
                "feedrate": 90
            },
            "insets": {
                "fanSpeed": 0.5,
                "feedrate": 90
            },
            "outlines": {
                "fanSpeed": 0.5,
                "feedrate": 20
            },
            "raft": {
                "fanSpeed": 0.5,
                "feedrate": 90.0
            },
            "raftBase": {
                "fanSpeed": 0.5,
                "feedrate": 10.0
            },
            "roofSurfaceFills": {
                "fanSpeed": 0.5,
                "feedrate": 90
            },
            "sparseRoofSurfaceFills": {
                "fanSpeed": 0.5,
                "feedrate": 90
            }
        },
        "fanDefaultSpeed": 0.5,
        "fanLayer": 1,
        "fanModulationThreshold": 0.5,
        "fanModulationWindow": 0.1,
        "fixedLayerStartX": 0,
        "fixedLayerStartY": 0,
        "fixedShellStartDirection": 215,
        "floorSolidThickness": 0,
        "floorSurfaceThickness": 0,
        "floorThickness": 0.8,
        "gridSpacingMultiplier": 0.99,
        "infillDensity": 0.1200000056996942,
        "infillOrientationInterval": 90,
        "infillOrientationOffset": 0,
        "infillOrientationRange": 90,
        "infillShellSpacingMultiplier": 0.55,
        "insetDistanceMultiplier": 1.0,
        "jsonToolpathOutput": true,
        "layerHeight": 0.15,
        "leakyConnectionsAdjacentDistance": 0.8,
        "maxConnectionLength": 10.0,
        "maxSparseFillThickness": 0.3,
        "maxSpurWidth": 0.5,
        "minLayerDuration": 5.0,
        "minLayerHeight": 0.01,
        "minRaftBaseGap": 0,
        "minSpeedMultiplier": 0.3,
        "minSpurLength": 0.34,
        "minSpurWidth": 0.12,
        "minThickInfillImprovement": 1.0,
        "modelFillProfiles": {},
        "numberOfShells": 6,
        "purgeBucketSide": 4.0,
        "purgeWallBaseFilamentWidth": 2.0,
        "purgeWallBasePatternLength": 10.0,
        "purgeWallBasePatternWidth": 8.0,
        "purgeWallModelOffset": 2.0,
        "purgeWallPatternWidth": 2.0,
        "purgeWallSpacing": 1.0,
        "purgeWallWidth": 0.5,
        "purgeWallXLength": 30,
        "raftAligned": true,
        "raftBaseAngle": 0,
        "raftBaseDensity": 0.7,
        "raftBaseLayers": 1,
        "raftBaseRunGapRatio": 0.8,
        "raftBaseRunLength": 15.0,
        "raftBaseThickness": 0.3,
        "raftBaseWidth": 2.5,
        "raftExtraOffset": 0.0,
        "raftFillProfiles": {},
        "raftInterfaceAngle": 45,
        "raftInterfaceDensity": 0.3,
        "raftInterfaceLayers": 2,
        "raftInterfaceThickness": 0.27,
        "raftInterfaceWidth": 0.4,
        "raftModelSpacing": 0.29,
        "raftOutset": 4,
        "raftSurfaceAngle": 0,
        "raftSurfaceLayers": 2,
        "raftSurfaceShellSpacingMultiplier": 0.7,
        "raftSurfaceShells": 2,
        "raftSurfaceThickness": 0.27,
        "roofAnchorMargin": 0.4,
        "roofSolidThickness": 0,
        "roofSurfaceThickness": 0,
        "roofThickness": 0.8,
        "shellsLeakyConnections": true,
        "solidFillOrientationInterval": 90,
        "solidFillOrientationOffset": 0,
        "solidFillOrientationRange": 90,
        "sparseInfillPattern": "diamond (fast)",
        "splitMinimumDistance": 0.4,
        "spurOverlap": 0.001,
        "startPosition": {
            "x": -125,
            "y": -99,
            "z": 0.2
        },
        "supportAligned": true,
        "supportAngle": 68.0,
        "supportDensity": 0.2,
        "supportExcessive": false,
        "supportExtraDistance": 0.5,
        "supportFillProfiles": {},
        "supportLayerHeight": 0.15,
        "supportLeakyConnections": true,
        "supportModelSpacing": 0.4,
        "supportRoofModelSpacing": 0.4,
        "thickLayerThreshold": 0,
        "thickLayerVolumeMultiplier": 1,
        "travelSpeedXY": 150,
        "travelSpeedZ": 23,
        "version": "3.9.4"
    },
    "num_z_layers": 326,
    "num_z_transitions": 325,
    "printer_settings": {
        "extruder_temperatures": [
            215,
            0
        ],
        "infill": 0.1200000056996942,
        "layer_height": 0.15,
        "materials": [
            "PLA",
            "PLA"
        ],
        "raft": true,
        "shells": 6,
        "support": false
    },
    "thing_id": null,
    "tool_type": "mk13",
    "toolhead_0_temperature": 215,
    "total_commands": 467163,
    "uuid": "5accb7b1-231e-4310-b1f6-f0c8940db906",
    "version": "1.0.0"
}